Ort,AGS,Tablets je 100 Schüler,Aussage Tablets,Laptops je 100 Schüler,Aussage L,Desktoprechner je 100 Schüler,Aussage D,Whiteboards je 100 Schüler,Aussage W,Ausgaben je Schüler,Aussage A,Mittelwert NRW Tablets,Mittelwert NRW Laptops,Mittelwert NRW Desktop,Mittelwert NRW Whiteboards,Mittelwert NRW Ausgaben,Anzahl_Schüler,Bemerkungen
Alpen,5170004,keine Angabe,,keine Angabe,,keine Angabe,,keine Angabe,,keine Angabe,,keine Angabe,keine Angabe,keine Angabe,keine Angabe,keine Angabe,,keine Teilnahme an der Abfrage
Attendorn,5966004,keine Angabe,,keine Angabe,,keine Angabe,,keine Angabe,,keine Angabe,,keine Angabe,keine Angabe,keine Angabe,keine Angabe,keine Angabe,,keine Teilnahme an der Abfrage
Bad Münstereifel,5366004,keine Angabe,,keine Angabe,,keine Angabe,,keine Angabe,,keine Angabe,,keine Angabe,keine Angabe,keine Angabe,keine Angabe,keine Angabe,,keine Teilnahme an der Abfrage
Bergkamen,5978004,keine Angabe,,keine Angabe,,keine Angabe,,keine Angabe,,keine Angabe,,keine Angabe,keine Angabe,keine Angabe,keine Angabe,keine Angabe,,keine Teilnahme an der Abfrage
Bocholt,5554008,keine Angabe,,keine Angabe,,keine Angabe,,keine Angabe,,keine Angabe,,keine Angabe,keine Angabe,keine Angabe,keine Angabe,keine Angabe,,keine Teilnahme an der Abfrage
Brüggen,5166004,keine Angabe,,keine Angabe,,keine Angabe,,keine Angabe,,keine Angabe,,keine Angabe,keine Angabe,keine Angabe,keine Angabe,keine Angabe,,keine Teilnahme an der Abfrage
Castrop-Rauxel,5562004,keine Angabe,,keine Angabe,,keine Angabe,,keine Angabe,,keine Angabe,,keine Angabe,keine Angabe,keine Angabe,keine Angabe,keine Angabe,,keine Teilnahme an der Abfrage
Datteln,5562008,keine Angabe,,keine Angabe,,keine Angabe,,keine Angabe,,keine Angabe,,keine Angabe,keine Angabe,keine Angabe,keine Angabe,keine Angabe,,keine Teilnahme an der Abfrage
Drensteinfurt,5570016,keine Angabe,,keine Angabe,,keine Angabe,,keine Angabe,,keine Angabe,,keine Angabe,keine Angabe,keine Angabe,keine Angabe,keine Angabe,,keine Teilnahme an der Abfrage
Elsdorf,5362016,keine Angabe,,keine Angabe,,keine Angabe,,keine Angabe,,keine Angabe,,keine Angabe,keine Angabe,keine Angabe,keine Angabe,keine Angabe,,keine Teilnahme an der Abfrage
Ennigerloh,5570020,keine Angabe,,keine Angabe,,keine Angabe,,keine Angabe,,keine Angabe,,keine Angabe,keine Angabe,keine Angabe,keine Angabe,keine Angabe,,keine Teilnahme an der Abfrage
Erndtebrück,5970012,keine Angabe,,keine Angabe,,keine Angabe,,keine Angabe,,keine Angabe,,keine Angabe,keine Angabe,keine Angabe,keine Angabe,keine Angabe,,keine Teilnahme an der Abfrage
Eslohe (Sauerland),5958016,keine Angabe,,keine Angabe,,keine Angabe,,keine Angabe,,keine Angabe,,keine Angabe,keine Angabe,keine Angabe,keine Angabe,keine Angabe,,keine Teilnahme an der Abfrage
Everswinkel,5570024,keine Angabe,,keine Angabe,,keine Angabe,,keine Angabe,,keine Angabe,,keine Angabe,keine Angabe,keine Angabe,keine Angabe,keine Angabe,,keine Teilnahme an der Abfrage
Finnentrop,5966012,keine Angabe,,keine Angabe,,keine Angabe,,keine Angabe,,keine Angabe,,keine Angabe,keine Angabe,keine Angabe,keine Angabe,keine Angabe,,keine Teilnahme an der Abfrage
Geldern,5154012,keine Angabe,,keine Angabe,,keine Angabe,,keine Angabe,,keine Angabe,,keine Angabe,keine Angabe,keine Angabe,keine Angabe,keine Angabe,,keine Teilnahme an der Abfrage
Grevenbroich,5162008,keine Angabe,,keine Angabe,,keine Angabe,,keine Angabe,,keine Angabe,,keine Angabe,keine Angabe,keine Angabe,keine Angabe,keine Angabe,,keine Teilnahme an der Abfrage
Gütersloh,5754008,keine Angabe,,keine Angabe,,keine Angabe,,keine Angabe,,keine Angabe,,keine Angabe,keine Angabe,keine Angabe,keine Angabe,keine Angabe,,keine Teilnahme an der Abfrage
Halver,5962012,keine Angabe,,keine Angabe,,keine Angabe,,keine Angabe,,keine Angabe,,keine Angabe,keine Angabe,keine Angabe,keine Angabe,keine Angabe,,keine Teilnahme an der Abfrage
Hamminkeln,5170012,keine Angabe,,keine Angabe,,keine Angabe,,keine Angabe,,keine Angabe,,keine Angabe,keine Angabe,keine Angabe,keine Angabe,keine Angabe,,keine Teilnahme an der Abfrage
Havixbeck,5558020,keine Angabe,,keine Angabe,,keine Angabe,,keine Angabe,,keine Angabe,,keine Angabe,keine Angabe,keine Angabe,keine Angabe,keine Angabe,,keine Teilnahme an der Abfrage
Heiden,5554028,keine Angabe,,keine Angabe,,keine Angabe,,keine Angabe,,keine Angabe,,keine Angabe,keine Angabe,keine Angabe,keine Angabe,keine Angabe,,keine Teilnahme an der Abfrage
Heiligenhaus,5158012,keine Angabe,,keine Angabe,,keine Angabe,,keine Angabe,,keine Angabe,,keine Angabe,keine Angabe,keine Angabe,keine Angabe,keine Angabe,,keine Teilnahme an der Abfrage
Hemer,5962016,keine Angabe,,keine Angabe,,keine Angabe,,keine Angabe,,keine Angabe,,keine Angabe,keine Angabe,keine Angabe,keine Angabe,keine Angabe,,keine Teilnahme an der Abfrage
Herscheid,5962020,keine Angabe,,keine Angabe,,keine Angabe,,keine Angabe,,keine Angabe,,keine Angabe,keine Angabe,keine Angabe,keine Angabe,keine Angabe,,keine Teilnahme an der Abfrage
Herzebrock-Clarholz,5754020,keine Angabe,,keine Angabe,,keine Angabe,,keine Angabe,,keine Angabe,,keine Angabe,keine Angabe,keine Angabe,keine Angabe,keine Angabe,,keine Teilnahme an der Abfrage
Holzwickede,5978016,keine Angabe,,keine Angabe,,keine Angabe,,keine Angabe,,keine Angabe,,keine Angabe,keine Angabe,keine Angabe,keine Angabe,keine Angabe,,keine Teilnahme an der Abfrage
Horn-Bad Meinberg,5766032,keine Angabe,,keine Angabe,,keine Angabe,,keine Angabe,,keine Angabe,,keine Angabe,keine Angabe,keine Angabe,keine Angabe,keine Angabe,,keine Teilnahme an der Abfrage
Horstmar,5566024,keine Angabe,,keine Angabe,,keine Angabe,,keine Angabe,,keine Angabe,,keine Angabe,keine Angabe,keine Angabe,keine Angabe,keine Angabe,,keine Teilnahme an der Abfrage
Hückelhoven,5370020,keine Angabe,,keine Angabe,,keine Angabe,,keine Angabe,,keine Angabe,,keine Angabe,keine Angabe,keine Angabe,keine Angabe,keine Angabe,,keine Teilnahme an der Abfrage
Hüllhorst,5770016,keine Angabe,,keine Angabe,,keine Angabe,,keine Angabe,,keine Angabe,,keine Angabe,keine Angabe,keine Angabe,keine Angabe,keine Angabe,,keine Teilnahme an der Abfrage
Ibbenbüren,5566028,keine Angabe,,keine Angabe,,keine Angabe,,keine Angabe,,keine Angabe,,keine Angabe,keine Angabe,keine Angabe,keine Angabe,keine Angabe,,keine Teilnahme an der Abfrage
Kalkar,5154024,keine Angabe,,keine Angabe,,keine Angabe,,keine Angabe,,keine Angabe,,keine Angabe,keine Angabe,keine Angabe,keine Angabe,keine Angabe,,keine Teilnahme an der Abfrage
Kall,5366024,keine Angabe,,keine Angabe,,keine Angabe,,keine Angabe,,keine Angabe,,keine Angabe,keine Angabe,keine Angabe,keine Angabe,keine Angabe,,keine Teilnahme an der Abfrage
Kalletal,5766036,keine Angabe,,keine Angabe,,keine Angabe,,keine Angabe,,keine Angabe,,keine Angabe,keine Angabe,keine Angabe,keine Angabe,keine Angabe,,keine Teilnahme an der Abfrage
Kerken,5154028,keine Angabe,,keine Angabe,,keine Angabe,,keine Angabe,,keine Angabe,,keine Angabe,keine Angabe,keine Angabe,keine Angabe,keine Angabe,,keine Teilnahme an der Abfrage
Kevelaer,5154032,keine Angabe,,keine Angabe,,keine Angabe,,keine Angabe,,keine Angabe,,keine Angabe,keine Angabe,keine Angabe,keine Angabe,keine Angabe,,keine Teilnahme an der Abfrage
Königswinter,5382024,keine Angabe,,keine Angabe,,keine Angabe,,keine Angabe,,keine Angabe,,keine Angabe,keine Angabe,keine Angabe,keine Angabe,keine Angabe,,keine Teilnahme an der Abfrage
Krefeld,5114000,keine Angabe,,keine Angabe,,keine Angabe,,keine Angabe,,keine Angabe,,keine Angabe,keine Angabe,keine Angabe,keine Angabe,keine Angabe,,keine Teilnahme an der Abfrage
Kreuzau,5358028,keine Angabe,,keine Angabe,,keine Angabe,,keine Angabe,,keine Angabe,,keine Angabe,keine Angabe,keine Angabe,keine Angabe,keine Angabe,,keine Teilnahme an der Abfrage
Langerwehe,5358032,keine Angabe,,keine Angabe,,keine Angabe,,keine Angabe,,keine Angabe,,keine Angabe,keine Angabe,keine Angabe,keine Angabe,keine Angabe,,keine Teilnahme an der Abfrage
Leichlingen (Rhld.),5378016,keine Angabe,,keine Angabe,,keine Angabe,,keine Angabe,,keine Angabe,,keine Angabe,keine Angabe,keine Angabe,keine Angabe,keine Angabe,,keine Teilnahme an der Abfrage
Leverkusen,5316000,keine Angabe,,keine Angabe,,keine Angabe,,keine Angabe,,keine Angabe,,keine Angabe,keine Angabe,keine Angabe,keine Angabe,keine Angabe,,keine Teilnahme an der Abfrage
Lienen,5566044,keine Angabe,,keine Angabe,,keine Angabe,,keine Angabe,,keine Angabe,,keine Angabe,keine Angabe,keine Angabe,keine Angabe,keine Angabe,,keine Teilnahme an der Abfrage
Lippetal,5974024,keine Angabe,,keine Angabe,,keine Angabe,,keine Angabe,,keine Angabe,,keine Angabe,keine Angabe,keine Angabe,keine Angabe,keine Angabe,,keine Teilnahme an der Abfrage
Lotte,5566048,keine Angabe,,keine Angabe,,keine Angabe,,keine Angabe,,keine Angabe,,keine Angabe,keine Angabe,keine Angabe,keine Angabe,keine Angabe,,keine Teilnahme an der Abfrage
Marl,5562024,keine Angabe,,keine Angabe,,keine Angabe,,keine Angabe,,keine Angabe,,keine Angabe,keine Angabe,keine Angabe,keine Angabe,keine Angabe,,keine Teilnahme an der Abfrage
Meckenheim,5382032,keine Angabe,,keine Angabe,,keine Angabe,,keine Angabe,,keine Angabe,,keine Angabe,keine Angabe,keine Angabe,keine Angabe,keine Angabe,,keine Teilnahme an der Abfrage
Merzenich,5358040,keine Angabe,,keine Angabe,,keine Angabe,,keine Angabe,,keine Angabe,,keine Angabe,keine Angabe,keine Angabe,keine Angabe,keine Angabe,,keine Teilnahme an der Abfrage
Minden,5770024,keine Angabe,,keine Angabe,,keine Angabe,,keine Angabe,,keine Angabe,,keine Angabe,keine Angabe,keine Angabe,keine Angabe,keine Angabe,,keine Teilnahme an der Abfrage
Nettersheim,5366032,keine Angabe,,keine Angabe,,keine Angabe,,keine Angabe,,keine Angabe,,keine Angabe,keine Angabe,keine Angabe,keine Angabe,keine Angabe,,keine Teilnahme an der Abfrage
Neuenrade,5962048,keine Angabe,,keine Angabe,,keine Angabe,,keine Angabe,,keine Angabe,,keine Angabe,keine Angabe,keine Angabe,keine Angabe,keine Angabe,,keine Teilnahme an der Abfrage
Neukirchen-Vluyn,5170028,keine Angabe,,keine Angabe,,keine Angabe,,keine Angabe,,keine Angabe,,keine Angabe,keine Angabe,keine Angabe,keine Angabe,keine Angabe,,keine Teilnahme an der Abfrage
Niederkassel,5382044,keine Angabe,,keine Angabe,,keine Angabe,,keine Angabe,,keine Angabe,,keine Angabe,keine Angabe,keine Angabe,keine Angabe,keine Angabe,,keine Teilnahme an der Abfrage
Niederkrüchten,5166020,keine Angabe,,keine Angabe,,keine Angabe,,keine Angabe,,keine Angabe,,keine Angabe,keine Angabe,keine Angabe,keine Angabe,keine Angabe,,keine Teilnahme an der Abfrage
Niederzier,5358048,keine Angabe,,keine Angabe,,keine Angabe,,keine Angabe,,keine Angabe,,keine Angabe,keine Angabe,keine Angabe,keine Angabe,keine Angabe,,keine Teilnahme an der Abfrage
Nörvenich,5358052,keine Angabe,,keine Angabe,,keine Angabe,,keine Angabe,,keine Angabe,,keine Angabe,keine Angabe,keine Angabe,keine Angabe,keine Angabe,,keine Teilnahme an der Abfrage
Ostbevern,5570032,keine Angabe,,keine Angabe,,keine Angabe,,keine Angabe,,keine Angabe,,keine Angabe,keine Angabe,keine Angabe,keine Angabe,keine Angabe,,keine Teilnahme an der Abfrage
Petershagen,5770028,keine Angabe,,keine Angabe,,keine Angabe,,keine Angabe,,keine Angabe,,keine Angabe,keine Angabe,keine Angabe,keine Angabe,keine Angabe,,keine Teilnahme an der Abfrage
Plettenberg,5962052,keine Angabe,,keine Angabe,,keine Angabe,,keine Angabe,,keine Angabe,,keine Angabe,keine Angabe,keine Angabe,keine Angabe,keine Angabe,,keine Teilnahme an der Abfrage
Pulheim,5362036,keine Angabe,,keine Angabe,,keine Angabe,,keine Angabe,,keine Angabe,,keine Angabe,keine Angabe,keine Angabe,keine Angabe,keine Angabe,,keine Teilnahme an der Abfrage
Recke,5566072,keine Angabe,,keine Angabe,,keine Angabe,,keine Angabe,,keine Angabe,,keine Angabe,keine Angabe,keine Angabe,keine Angabe,keine Angabe,,keine Teilnahme an der Abfrage
Reken,5554044,keine Angabe,,keine Angabe,,keine Angabe,,keine Angabe,,keine Angabe,,keine Angabe,keine Angabe,keine Angabe,keine Angabe,keine Angabe,,keine Teilnahme an der Abfrage
Rheda-Wiedenbrück,5754028,keine Angabe,,keine Angabe,,keine Angabe,,keine Angabe,,keine Angabe,,keine Angabe,keine Angabe,keine Angabe,keine Angabe,keine Angabe,,keine Teilnahme an der Abfrage
Rietberg,5754032,keine Angabe,,keine Angabe,,keine Angabe,,keine Angabe,,keine Angabe,,keine Angabe,keine Angabe,keine Angabe,keine Angabe,keine Angabe,,keine Teilnahme an der Abfrage
Roetgen,5334024,keine Angabe,,keine Angabe,,keine Angabe,,keine Angabe,,keine Angabe,,keine Angabe,keine Angabe,keine Angabe,keine Angabe,keine Angabe,,keine Teilnahme an der Abfrage
Rösrath,5378028,keine Angabe,,keine Angabe,,keine Angabe,,keine Angabe,,keine Angabe,,keine Angabe,keine Angabe,keine Angabe,keine Angabe,keine Angabe,,keine Teilnahme an der Abfrage
Schalksmühle,5962056,keine Angabe,,keine Angabe,,keine Angabe,,keine Angabe,,keine Angabe,,keine Angabe,keine Angabe,keine Angabe,keine Angabe,keine Angabe,,keine Teilnahme an der Abfrage
Schleiden,5366036,keine Angabe,,keine Angabe,,keine Angabe,,keine Angabe,,keine Angabe,,keine Angabe,keine Angabe,keine Angabe,keine Angabe,keine Angabe,,keine Teilnahme an der Abfrage
Schöppingen,5554052,keine Angabe,,keine Angabe,,keine Angabe,,keine Angabe,,keine Angabe,,keine Angabe,keine Angabe,keine Angabe,keine Angabe,keine Angabe,,keine Teilnahme an der Abfrage
Selfkant,5370024,keine Angabe,,keine Angabe,,keine Angabe,,keine Angabe,,keine Angabe,,keine Angabe,keine Angabe,keine Angabe,keine Angabe,keine Angabe,,keine Teilnahme an der Abfrage
Siegburg,5382060,keine Angabe,,keine Angabe,,keine Angabe,,keine Angabe,,keine Angabe,,keine Angabe,keine Angabe,keine Angabe,keine Angabe,keine Angabe,,keine Teilnahme an der Abfrage
Spenge,5758032,keine Angabe,,keine Angabe,,keine Angabe,,keine Angabe,,keine Angabe,,keine Angabe,keine Angabe,keine Angabe,keine Angabe,keine Angabe,,keine Teilnahme an der Abfrage
Sprockhövel,5954028,keine Angabe,,keine Angabe,,keine Angabe,,keine Angabe,,keine Angabe,,keine Angabe,keine Angabe,keine Angabe,keine Angabe,keine Angabe,,keine Teilnahme an der Abfrage
Steinhagen,5754040,keine Angabe,,keine Angabe,,keine Angabe,,keine Angabe,,keine Angabe,,keine Angabe,keine Angabe,keine Angabe,keine Angabe,keine Angabe,,keine Teilnahme an der Abfrage
Steinheim,5762032,keine Angabe,,keine Angabe,,keine Angabe,,keine Angabe,,keine Angabe,,keine Angabe,keine Angabe,keine Angabe,keine Angabe,keine Angabe,,keine Teilnahme an der Abfrage
Stolberg (Rhld.),5334032,keine Angabe,,keine Angabe,,keine Angabe,,keine Angabe,,keine Angabe,,keine Angabe,keine Angabe,keine Angabe,keine Angabe,keine Angabe,,keine Teilnahme an der Abfrage
Telgte,5570044,keine Angabe,,keine Angabe,,keine Angabe,,keine Angabe,,keine Angabe,,keine Angabe,keine Angabe,keine Angabe,keine Angabe,keine Angabe,,keine Teilnahme an der Abfrage
Übach-Palenberg,5370028,keine Angabe,,keine Angabe,,keine Angabe,,keine Angabe,,keine Angabe,,keine Angabe,keine Angabe,keine Angabe,keine Angabe,keine Angabe,,keine Teilnahme an der Abfrage
Verl,5754044,keine Angabe,,keine Angabe,,keine Angabe,,keine Angabe,,keine Angabe,,keine Angabe,keine Angabe,keine Angabe,keine Angabe,keine Angabe,,keine Teilnahme an der Abfrage
Versmold,5754048,keine Angabe,,keine Angabe,,keine Angabe,,keine Angabe,,keine Angabe,,keine Angabe,keine Angabe,keine Angabe,keine Angabe,keine Angabe,,keine Teilnahme an der Abfrage
Wassenberg,5370036,keine Angabe,,keine Angabe,,keine Angabe,,keine Angabe,,keine Angabe,,keine Angabe,keine Angabe,keine Angabe,keine Angabe,keine Angabe,,keine Teilnahme an der Abfrage
Welver,5974048,keine Angabe,,keine Angabe,,keine Angabe,,keine Angabe,,keine Angabe,,keine Angabe,keine Angabe,keine Angabe,keine Angabe,keine Angabe,,keine Teilnahme an der Abfrage
Westerkappeln,5566092,keine Angabe,,keine Angabe,,keine Angabe,,keine Angabe,,keine Angabe,,keine Angabe,keine Angabe,keine Angabe,keine Angabe,keine Angabe,,keine Teilnahme an der Abfrage
Wetter (Ruhr),5954032,keine Angabe,,keine Angabe,,keine Angabe,,keine Angabe,,keine Angabe,,keine Angabe,keine Angabe,keine Angabe,keine Angabe,keine Angabe,,keine Teilnahme an der Abfrage
Wettringen,5566096,keine Angabe,,keine Angabe,,keine Angabe,,keine Angabe,,keine Angabe,,keine Angabe,keine Angabe,keine Angabe,keine Angabe,keine Angabe,,keine Teilnahme an der Abfrage
Zülpich,5366044,keine Angabe,,keine Angabe,,keine Angabe,,keine Angabe,,keine Angabe,,keine Angabe,keine Angabe,keine Angabe,keine Angabe,keine Angabe,,keine Teilnahme an der Abfrage
Aachen,5334002,"3,2",⬇,"1,1",⬇,"14,2",⬆,"0,2",⬇,keine Angaben,,"7,8","3,3","10,4","1,2","57,2",20500,
Ahaus,5554004,"7,6",⬇,"4,7",⬆,"18,9",⬆,"4,2",⬆,"63,9",⬆,"7,8","3,3","10,4","1,2","57,2",4319,
Ahlen,5570004,"3,1",⬇,"3,9",⬆,"9,8",⬇,"0,4",⬇,"6,8",⬇,"7,8","3,3","10,4","1,2","57,2",5356,
Aldenhoven,5358004,5,⬇,"2,7",⬇,"8,6",⬇,"0,7",⬇,36,⬇,"7,8","3,3","10,4","1,2","57,2",555,
Alfter,5382004,"18,5",⬆,"2,2",⬇,"12,2",⬆,"0,2",⬇,"168,9",⬆,"7,8","3,3","10,4","1,2","57,2",817,
Alsdorf,5334004,"4,3",⬇,"7,3",⬆,"8,7",⬇,"0,1",⬇,"9,4",⬇,"7,8","3,3","10,4","1,2","57,2",4615,
Altena,5962004,"0,9",⬇,"6,1",⬆,"10,1",⬇,"0,3",⬇,keine Angaben,,"7,8","3,3","10,4","1,2","57,2",1730,
Altenbeken,5774004,0,⬇,"2,4",⬇,"18,3",⬆,"0,6",⬇,"13,3",⬇,"7,8","3,3","10,4","1,2","57,2",327,
Altenberge,5566004,"21,6",⬆,"1,1",⬇,"12,8",⬆,0,⬇,"39,6",⬇,"7,8","3,3","10,4","1,2","57,2",454,
Anröchte,5974004,0,⬇,"1,2",⬇,"14,7",⬆,"0,8",⬇,"137,8",⬆,"7,8","3,3","10,4","1,2","57,2",945,
Arnsberg,5958004,"5,5",⬇,"2,5",⬇,"8,3",⬇,"2,2",⬆,keine Angaben,,"7,8","3,3","10,4","1,2","57,2",6329,
Ascheberg,5558004,"39,4",⬆,"10,3",⬆,"14,2",⬆,"0,5",⬇,"146,8",⬆,"7,8","3,3","10,4","1,2","57,2",1009,
Augustdorf,5766004,"2,2",⬇,"3,5",⬆,"2,2",⬇,"0,2",⬇,"1,3",⬇,"7,8","3,3","10,4","1,2","57,2",930,
Bad Berleburg,5970004,"6,1",⬇,"5,4",⬆,"9,9",⬇,"1,5",⬆,"23,2",⬇,"7,8","3,3","10,4","1,2","57,2",2016,
Bad Driburg,5762004,"14,6",⬆,"12,9",⬆,"5,2",⬇,3,⬆,"62,7",⬆,"7,8","3,3","10,4","1,2","57,2",1356,
Bad Honnef,5382008,"10,4",⬆,"2,9",⬇,"5,6",⬇,"2,4",⬆,"67,7",⬆,"7,8","3,3","10,4","1,2","57,2",1828,
Bad Laasphe,5970028,"1,6",⬇,"7,3",⬆,"16,1",⬆,"0,5",⬇,keine Angaben,,"7,8","3,3","10,4","1,2","57,2",1088,
Bad Lippspringe,5774008,"6,8",⬇,"1,5",⬇,"13,1",⬆,"4,3",⬆,"56,3",⬇,"7,8","3,3","10,4","1,2","57,2",1375,
Bad Oeynhausen,5770004,"1,1",⬇,"7,5",⬆,"12,3",⬆,"0,2",⬇,"31,9",⬇,"7,8","3,3","10,4","1,2","57,2",4951,
Bad Salzuflen,5766008,"4,1",⬇,"3,4",⬆,"11,5",⬆,"0,7",⬇,62,⬆,"7,8","3,3","10,4","1,2","57,2",5367,
Bad Sassendorf,5974008,"0,4",⬇,"0,8",⬇,"3,1",⬇,0,⬇,"10,4",⬇,"7,8","3,3","10,4","1,2","57,2",480,
Bad Wünnenberg,5774040,17,⬆,3,⬇,"18,5",⬆,"4,2",⬆,11,⬇,"7,8","3,3","10,4","1,2","57,2",1000,
Baesweiler,5334008,"0,6",⬇,1,⬇,"8,7",⬇,"1,3",⬆,22,⬇,"7,8","3,3","10,4","1,2","57,2",2769,
Balve,5962008,"10,4",⬆,3,⬇,"14,4",⬆,"2,7",⬆,"64,4",⬆,"7,8","3,3","10,4","1,2","57,2",827,
Barntrup,5766012,"3,2",⬇,"4,9",⬆,"13,4",⬆,"7,8",⬆,"52,8",⬇,"7,8","3,3","10,4","1,2","57,2",1042,
Beckum,5570008,"21,7",⬆,"3,7",⬆,"3,9",⬇,"0,1",⬇,"29,6",⬇,"7,8","3,3","10,4","1,2","57,2",3879,
Bedburg,5362004,"7,4",⬇,19,⬆,"8,8",⬇,"3,1",⬆,205,⬆,"7,8","3,3","10,4","1,2","57,2",2451,
Bedburg-Hau,5154004,0,⬇,"2,9",⬇,"19,3",⬆,"3,3",⬆,"81,5",⬆,"7,8","3,3","10,4","1,2","57,2",491,
Beelen,5570012,0,⬇,24,⬆,0,⬇,6,⬆,"75,1",⬆,"7,8","3,3","10,4","1,2","57,2",250,
Bergheim,5362008,"1,4",⬇,"3,1",⬇,"10,8",⬆,0,⬇,"12,6",⬇,"7,8","3,3","10,4","1,2","57,2",6788,
Bergisch Gladbach,5378004,"3,5",⬇,"3,9",⬆,"10,6",⬆,"1,1",⬇,"15,1",⬇,"7,8","3,3","10,4","1,2","57,2",12593,
Bergneustadt,5374004,"3,7",⬇,"12,9",⬆,"18,5",⬆,"0,5",⬇,"244,7",⬆,"7,8","3,3","10,4","1,2","57,2",1859,
Bestwig,5958008,"3,1",⬇,"2,6",⬇,"10,8",⬆,"4,2",⬆,keine Angaben,,"7,8","3,3","10,4","1,2","57,2",646,
Beverungen,5762008,0,⬇,"4,7",⬆,"7,2",⬇,"2,3",⬆,"76,4",⬆,"7,8","3,3","10,4","1,2","57,2",1410,
Bielefeld,5711000,"3,5",⬇,"1,4",⬇,"12,7",⬆,"0,2",⬇,"27,6",⬇,"7,8","3,3","10,4","1,2","57,2",29294,
Billerbeck,5558008,"16,9",⬆,"13,6",⬆,18,⬆,"0,3",⬇,keine Angaben,,"7,8","3,3","10,4","1,2","57,2",590,
Blankenheim,5366008,"13,6",⬆,"2,6",⬇,"5,3",⬇,"0,5",⬇,118,⬆,"7,8","3,3","10,4","1,2","57,2",1096,
Blomberg,5766016,100,⬆,"22,8",⬆,"2,7",⬇,"1,9",⬆,"64,7",⬆,"7,8","3,3","10,4","1,2","57,2",2087,
Bochum,5911000,"0,9",⬇,0,⬇,"23,6",⬆,"1,7",⬆,"12,2",⬇,"7,8","3,3","10,4","1,2","57,2",31355,
Bönen,5978008,0,⬇,"2,9",⬇,"7,9",⬇,"0,1",⬇,"1,6",⬇,"7,8","3,3","10,4","1,2","57,2",1878,
Bonn,5314000,"3,5",⬇,"0,7",⬇,"5,1",⬇,"0,3",⬇,79,⬆,"7,8","3,3","10,4","1,2","57,2",31644,
Borchen,5774012,"0,4",⬇,"2,9",⬇,"10,2",⬇,"0,9",⬇,"11,2",⬇,"7,8","3,3","10,4","1,2","57,2",926,
Borgentreich,5762012,"41,7",⬆,0,⬇,0,⬇,0,⬇,keine Angaben,,"7,8","3,3","10,4","1,2","57,2",230,
Borgholzhausen,5754004,0,⬇,"12,6",⬆,19,⬆,0,⬇,68,⬆,"7,8","3,3","10,4","1,2","57,2",294,
Borken,5554012,5,⬇,"1,6",⬇,13,⬆,"3,2",⬆,"87,2",⬆,"7,8","3,3","10,4","1,2","57,2",5089,
Bornheim,5382012,"13,9",⬆,"6,3",⬆,"15,2",⬆,"0,1",⬇,"68,6",⬆,"7,8","3,3","10,4","1,2","57,2",4718,
Bottrop,5512000,"8,7",⬆,"1,8",⬇,"12,2",⬆,"0,6",⬇,"23,1",⬇,"7,8","3,3","10,4","1,2","57,2",11346,
Brakel,5762016,"6,1",⬇,0,⬇,"15,6",⬆,"5,2",⬆,"34,4",⬇,"7,8","3,3","10,4","1,2","57,2",1540,
Breckerfeld,5954004,"12,9",⬆,"1,3",⬇,"8,1",⬇,0,⬇,keine Angaben,,"7,8","3,3","10,4","1,2","57,2",310,
Brilon,5958012,"2,9",⬇,13,⬆,"7,9",⬇,"3,2",⬆,"15,7",⬇,"7,8","3,3","10,4","1,2","57,2",2542,
Brühl,5362012,"15,6",⬆,2,⬇,"13,6",⬆,"0,9",⬇,"65,6",⬆,"7,8","3,3","10,4","1,2","57,2",4344,
Bünde,5758004,"21,3",⬆,"1,4",⬇,"6,4",⬇,"0,6",⬇,"128,9",⬆,"7,8","3,3","10,4","1,2","57,2",6299,
Burbach,5970008,"11,6",⬆,"7,7",⬆,"10,7",⬆,4,⬆,"31,8",⬇,"7,8","3,3","10,4","1,2","57,2",974,
Büren,5774016,"0,3",⬇,"4,2",⬆,"7,1",⬇,"7,1",⬆,109,⬆,"7,8","3,3","10,4","1,2","57,2",1679,
Burscheid,5378008,"2,9",⬇,"2,9",⬇,"11,6",⬆,"0,3",⬇,"14,5",⬇,"7,8","3,3","10,4","1,2","57,2",690,
Coesfeld,5558012,"16,7",⬆,0,⬇,5,⬇,"0,9",⬇,"116,8",⬆,"7,8","3,3","10,4","1,2","57,2",3854,
Dahlem,5366012,"16,2",⬆,"5,1",⬆,"5,6",⬇,"0,5",⬇,"12,7",⬇,"7,8","3,3","10,4","1,2","57,2",197,
Delbrück,5774020,"33,8",⬆,"1,9",⬇,"0,7",⬇,"0,1",⬇,"54,2",⬇,"7,8","3,3","10,4","1,2","57,2",3350,
Detmold,5766020,"5,2",⬇,"3,8",⬆,"16,9",⬆,"0,6",⬇,85,⬆,"7,8","3,3","10,4","1,2","57,2",7766,
Dinslaken,5170008,"3,4",⬇,"1,5",⬇,"10,8",⬆,"1,2",⬇,37,⬇,"7,8","3,3","10,4","1,2","57,2",6757,
Dörentrup,5766024,"37,5",⬆,"1,7",⬇,"25,8",⬆,"2,9",⬆,keine Angaben,,"7,8","3,3","10,4","1,2","57,2",240,
Dormagen,5162004,"11,7",⬆,"0,9",⬇,"5,5",⬇,"1,5",⬆,"18,1",⬇,"7,8","3,3","10,4","1,2","57,2",6632,
Dorsten,5562012,"0,8",⬇,"1,3",⬇,0,⬇,1,⬇,keine Angaben,,"7,8","3,3","10,4","1,2","57,2",5946,
Dortmund,5913000,10,⬆,"2,9",⬇,13,⬆,"3,1",⬆,"82,2",⬆,"7,8","3,3","10,4","1,2","57,2",56377,
Drolshagen,5966008,"12,4",⬆,1,⬇,"7,7",⬇,"0,4",⬇,"82,3",⬆,"7,8","3,3","10,4","1,2","57,2",813,
Duisburg,5112000,0,⬇,0,⬇,"17,5",⬆,0,⬇,"35,5",⬇,"7,8","3,3","10,4","1,2","57,2",48527,
Dülmen,5558016,"10,3",⬆,0,⬇,13,⬆,1,⬇,"44,3",⬇,"7,8","3,3","10,4","1,2","57,2",3786,
Düren,5358008,"4,4",⬇,"0,4",⬇,"9,5",⬇,"0,3",⬇,"70,8",⬆,"7,8","3,3","10,4","1,2","57,2",9884,
Düsseldorf,5111000,"35,6",⬆,"1,7",⬇,"4,6",⬇,"2,4",⬆,"18,6",⬇,"7,8","3,3","10,4","1,2","57,2",54284,
Eitorf,5382016,"2,1",⬇,"11,6",⬆,"20,5",⬆,"5,4",⬆,"32,8",⬇,"7,8","3,3","10,4","1,2","57,2",1831,
Emmerich am Rhein,5154008,4,⬇,3,⬇,"7,4",⬇,"3,7",⬆,"181,5",⬆,"7,8","3,3","10,4","1,2","57,2",2697,
Emsdetten,5566008,0,⬇,0,⬇,0,⬇,"2,1",⬆,keine Angaben,,"7,8","3,3","10,4","1,2","57,2",3294,
Engelskirchen,5374008,"8,8",⬆,"4,2",⬆,"10,8",⬆,"0,2",⬇,"33,3",⬇,"7,8","3,3","10,4","1,2","57,2",1716,
Enger,5758008,"9,9",⬆,"3,2",⬇,"5,9",⬇,"4,7",⬆,"123,2",⬆,"7,8","3,3","10,4","1,2","57,2",2525,
Ennepetal,5954008,"1,5",⬇,"9,2",⬆,"22,1",⬆,"2,8",⬆,"46,3",⬇,"7,8","3,3","10,4","1,2","57,2",2262,
Ense,5974012,"11,7",⬆,"9,6",⬆,"4,9",⬇,"0,5",⬇,"59,3",⬆,"7,8","3,3","10,4","1,2","57,2",854,
Erftstadt,5362020,"0,7",⬇,2,⬇,"3,6",⬇,"0,1",⬇,"2,1",⬇,"7,8","3,3","10,4","1,2","57,2",4457,
Erkelenz,5370004,"1,7",⬇,"5,1",⬆,"13,1",⬆,"1,7",⬆,keine Angaben,,"7,8","3,3","10,4","1,2","57,2",5182,
Erkrath,5158004,0,⬇,"4,2",⬆,"11,5",⬆,"1,5",⬆,8,⬇,"7,8","3,3","10,4","1,2","57,2",4134,
Erwitte,5974016,"0,2",⬇,"7,8",⬆,"11,2",⬆,"0,6",⬇,"54,5",⬇,"7,8","3,3","10,4","1,2","57,2",1430,
Eschweiler,5334012,"0,9",⬇,"1,4",⬇,"7,2",⬇,"0,5",⬇,keine Angaben,,"7,8","3,3","10,4","1,2","57,2",4845,
Espelkamp,5770008,"2,9",⬇,"1,3",⬇,"21,4",⬆,"0,5",⬇,"17,7",⬇,"7,8","3,3","10,4","1,2","57,2",793,
Essen,5113000,"4,3",⬇,"1,9",⬇,"4,6",⬇,"0,2",⬇,"113,8",⬆,"7,8","3,3","10,4","1,2","57,2",53716,
Euskirchen,5366016,"3,4",⬇,"2,1",⬇,"13,2",⬆,"3,1",⬆,"131,1",⬆,"7,8","3,3","10,4","1,2","57,2",5339,
Extertal,5766028,"2,7",⬇,"1,2",⬇,"15,2",⬆,"0,2",⬇,keine Angaben,,"7,8","3,3","10,4","1,2","57,2",930,
Frechen,5362024,0,⬇,"2,4",⬇,"13,9",⬆,"0,1",⬇,"22,4",⬇,"7,8","3,3","10,4","1,2","57,2",4335,
Freudenberg,5970016,"3,1",⬇,"9,5",⬆,7,⬇,"0,6",⬇,"21,1",⬇,"7,8","3,3","10,4","1,2","57,2",1363,
Fröndenberg/Ruhr,5978012,15,⬆,"3,1",⬇,"3,9",⬇,"2,4",⬆,"71,9",⬆,"7,8","3,3","10,4","1,2","57,2",1817,
Gangelt,5370008,"0,4",⬇,"1,7",⬇,"6,5",⬇,"6,7",⬆,"31,7",⬇,"7,8","3,3","10,4","1,2","57,2",1248,
Geilenkirchen,5370012,"4,4",⬇,0,⬇,0,⬇,"0,6",⬇,"10,3",⬇,"7,8","3,3","10,4","1,2","57,2",2194,
Gelsenkirchen,5513000,0,⬇,"17,5",⬆,"16,5",⬆,"5,4",⬆,"67,5",⬆,"7,8","3,3","10,4","1,2","57,2",28315,
Gescher,5554016,13,⬆,0,⬇,0,⬇,4,⬆,26,⬇,"7,8","3,3","10,4","1,2","57,2",1536,
Geseke,5974020,"13,4",⬆,2,⬇,"10,2",⬇,"0,3",⬇,"10,2",⬇,"7,8","3,3","10,4","1,2","57,2",2488,
Gevelsberg,5954012,"6,4",⬇,"3,2",⬇,"9,5",⬇,"0,9",⬇,54,⬇,"7,8","3,3","10,4","1,2","57,2",4444,
Gladbeck,5562014,"2,2",⬇,4,⬆,"9,1",⬇,"0,5",⬇,"73,6",⬆,"7,8","3,3","10,4","1,2","57,2",8435,
Goch,5154016,"1,3",⬇,"4,1",⬆,"13,9",⬆,1,⬇,"55,9",⬇,"7,8","3,3","10,4","1,2","57,2",2705,
Grefrath,5166008,"18,6",⬆,"1,7",⬇,"2,7",⬇,"0,6",⬇,"48,5",⬇,"7,8","3,3","10,4","1,2","57,2",927,
Greven,5566012,"3,8",⬇,"6,3",⬆,"6,4",⬇,"5,6",⬆,"70,9",⬆,"7,8","3,3","10,4","1,2","57,2",4195,
Gronau (Westf.),5554020,"21,4",⬆,"0,3",⬇,13,⬆,"2,9",⬆,"40,9",⬇,"7,8","3,3","10,4","1,2","57,2",5372,
Gummersbach,5374012,"9,5",⬆,"10,6",⬆,"17,3",⬆,"0,7",⬇,"30,3",⬇,"7,8","3,3","10,4","1,2","57,2",4910,
Haan,5158008,"5,2",⬇,"2,2",⬇,"12,9",⬆,"5,6",⬆,"169,8",⬆,"7,8","3,3","10,4","1,2","57,2",2709,
Hagen,5914000,keine Angaben,,keine Angaben,,keine Angaben,,keine Angaben,,keine Angaben,,"7,8","3,3","10,4","1,2","50,4",19183,
Halle (Westf.),5754012,"30,7",⬆,"2,1",⬇,"12,4",⬆,"4,6",⬆,"289,8",⬆,"7,8","3,3","10,4","1,2","57,2",1432,
Hallenberg,5958020,25,⬆,"12,5",⬆,0,⬇,4,⬆,225,⬆,"7,8","3,3","10,4","1,2","57,2",200,
Haltern am See,5562016,"9,2",⬆,"5,9",⬆,"8,6",⬇,"0,5",⬇,"26,5",⬇,"7,8","3,3","10,4","1,2","57,2",3631,
Hamm,5915000,"11,9",⬆,"2,5",⬇,"16,4",⬆,"0,1",⬇,"23,7",⬇,"7,8","3,3","10,4","1,2","57,2",18381,
Harsewinkel,5754016,"4,9",⬇,"4,9",⬆,"12,1",⬆,"0,1",⬇,"47,5",⬇,"7,8","3,3","10,4","1,2","57,2",3150,
Hattingen,5954016,"3,5",⬇,"2,7",⬇,"7,1",⬇,"0,6",⬇,"7,1",⬇,"7,8","3,3","10,4","1,2","57,2",5353,
Heek,5554024,"16,8",⬆,"1,6",⬇,"13,7",⬆,"0,4",⬇,"68,4",⬆,"7,8","3,3","10,4","1,2","57,2",950,
Heimbach,5358012,0,⬇,"0,8",⬇,0,⬇,"7,6",⬆,"56,8",⬇,"7,8","3,3","10,4","1,2","57,2",132,
Heinsberg,5370016,0,⬇,"3,1",⬇,"11,9",⬆,"4,7",⬆,"124,4",⬆,"7,8","3,3","10,4","1,2","57,2",3124,
Hellenthal,5366020,0,⬇,0,⬇,5,⬇,"3,5",⬆,"253,1",⬆,"7,8","3,3","10,4","1,2","57,2",403,
Hennef (Sieg),5382020,"7,6",⬇,"6,3",⬆,17,⬆,"5,7",⬆,115,⬆,"7,8","3,3","10,4","1,2","57,2",5559,
Herdecke,5954020,"9,1",⬆,"6,9",⬆,"4,2",⬇,"3,5",⬆,"31,4",⬇,"7,8","3,3","10,4","1,2","57,2",2066,
Herford,5758012,"2,9",⬇,"1,7",⬇,"13,3",⬆,"0,3",⬇,"67,8",⬆,"7,8","3,3","10,4","1,2","57,2",7377,
Herne,5916000,"0,2",⬇,"0,6",⬇,"8,2",⬇,1,⬇,"11,5",⬇,"7,8","3,3","10,4","1,2","57,2",15664,
Herten,5562020,"1,1",⬇,"3,3",⬇,"8,3",⬇,"0,7",⬇,"45,2",⬇,"7,8","3,3","10,4","1,2","57,2",5292,
Herzogenrath,5334016,"5,5",⬇,1,⬇,"10,7",⬆,"1,6",⬆,"64,4",⬆,"7,8","3,3","10,4","1,2","57,2",4549,
Hiddenhausen,5758016,"3,1",⬇,"4,5",⬆,"8,8",⬇,"0,2",⬇,"62,4",⬆,"7,8","3,3","10,4","1,2","57,2",1710,
Hilchenbach,5970020,"9,3",⬆,"4,7",⬆,"6,3",⬇,"0,5",⬇,"23,1",⬇,"7,8","3,3","10,4","1,2","57,2",813,
Hilden,5158016,"0,8",⬇,"6,3",⬆,"11,1",⬆,"2,4",⬆,"41,3",⬇,"7,8","3,3","10,4","1,2","57,2",4512,
Hille,5770012,"6,5",⬇,"5,1",⬆,"2,3",⬇,"1,4",⬆,"130,1",⬆,"7,8","3,3","10,4","1,2","57,2",1992,
Hopsten,5566020,"1,6",⬇,"1,2",⬇,"13,4",⬆,"6,2",⬆,"113,4",⬆,"7,8","3,3","10,4","1,2","57,2",485,
Hörstel,5566016,"15,5",⬆,"1,7",⬇,"7,2",⬇,0,⬇,"6,1",⬇,"7,8","3,3","10,4","1,2","57,2",1802,
Hövelhof,5774024,"12,9",⬆,"2,5",⬇,"11,5",⬆,"1,1",⬇,"75,9",⬆,"7,8","3,3","10,4","1,2","57,2",1423,
Höxter,5762020,"5,7",⬇,"9,3",⬆,"6,4",⬇,"1,6",⬆,keine Angaben,,"7,8","3,3","10,4","1,2","57,2",2615,
Hückeswagen,5374016,"2,3",⬇,"8,2",⬆,"10,2",⬇,1,⬇,"39,7",⬇,"7,8","3,3","10,4","1,2","57,2",1329,
Hünxe,5170016,"3,4",⬇,"4,5",⬆,"4,1",⬇,"3,1",⬆,"164,4",⬆,"7,8","3,3","10,4","1,2","57,2",1460,
Hürtgenwald,5358016,31,⬆,0,⬇,"5,8",⬇,"5,1",⬆,keine Angaben,,"7,8","3,3","10,4","1,2","57,2",277,
Hürth,5362028,"0,8",⬇,"4,8",⬆,"15,2",⬆,"0,6",⬇,"28,9",⬇,"7,8","3,3","10,4","1,2","57,2",6288,
Inden,5358020,"0,2",⬇,"4,3",⬆,"19,2",⬆,"0,9",⬇,"45,8",⬇,"7,8","3,3","10,4","1,2","57,2",469,
Iserlohn,5962024,"8,9",⬆,0,⬇,0,⬇,0,⬇,keine Angaben,,"7,8","3,3","10,4","1,2","57,2",9259,
Isselburg,5554032,12,⬆,"1,6",⬇,18,⬆,"0,4",⬇,100,⬆,"7,8","3,3","10,4","1,2","57,2",500,
Issum,5154020,1,⬇,8,⬆,5,⬇,"2,8",⬆,225,⬆,"7,8","3,3","10,4","1,2","57,2",400,
Jüchen,5162012,"8,7",⬆,"0,7",⬇,"6,2",⬇,0,⬇,"18,6",⬇,"7,8","3,3","10,4","1,2","57,2",2393,
Jülich,5358024,"6,7",⬇,"1,6",⬇,"17,9",⬆,"0,9",⬇,35,⬇,"7,8","3,3","10,4","1,2","57,2",2855,
Kaarst,5162016,"3,5",⬇,"2,7",⬇,"8,9",⬇,"2,4",⬆,"60,5",⬆,"7,8","3,3","10,4","1,2","57,2",4783,
Kamen,5978020,0,⬇,"13,2",⬆,"9,6",⬇,"2,4",⬆,"41,8",⬇,"7,8","3,3","10,4","1,2","57,2",4455,
Kamp-Lintfort,5170020,"2,3",⬇,5,⬆,"10,4",⬆,0,⬇,"47,3",⬇,"7,8","3,3","10,4","1,2","57,2",3270,
Kempen,5166012,"4,4",⬇,0,⬇,0,⬇,0,⬇,"22,4",⬇,"7,8","3,3","10,4","1,2","57,2",3578,
Kerpen,5362032,"0,9",⬇,"1,8",⬇,"11,5",⬆,"0,3",⬇,"1,3",⬇,"7,8","3,3","10,4","1,2","57,2",7021,
Kierspe,5962028,0,⬇,0,⬇,0,⬇,0,⬇,"15,9",⬇,"7,8","3,3","10,4","1,2","57,2",1888,
Kirchhundem,5966016,"15,6",⬆,"7,1",⬆,"22,9",⬆,2,⬆,keine Angaben,,"7,8","3,3","10,4","1,2","57,2",707,
Kirchlengern,5758020,106,⬆,0,⬇,"1,6",⬇,"1,7",⬆,"258,6",⬆,"7,8","3,3","10,4","1,2","57,2",580,
Kleve,5154036,"30,6",⬆,"7,8",⬆,"7,6",⬇,"6,5",⬆,"39,9",⬇,"7,8","3,3","10,4","1,2","57,2",5645,
Köln,5315000,"13,5",⬆,"0,5",⬇,"18,4",⬆,"0,3",⬇,"53,2",⬇,"7,8","3,3","10,4","1,2","57,2",99545,
Korschenbroich,5162020,"4,9",⬇,"1,3",⬇,"17,1",⬆,2,⬆,"49,9",⬇,"7,8","3,3","10,4","1,2","57,2",2857,
Kranenburg,5154040,0,⬇,9,⬆,"15,9",⬆,"0,5",⬇,"62,4",⬆,"7,8","3,3","10,4","1,2","57,2",378,
Kreuztal,5970024,"1,8",⬇,"1,7",⬇,"10,4",⬇,"0,4",⬇,"36,7",⬇,"7,8","3,3","10,4","1,2","57,2",3466,
Kürten,5378012,"16,7",⬆,10,⬆,"16,7",⬆,"0,4",⬇,keine Angaben,,"7,8","3,3","10,4","1,2","57,2",1796,
Ladbergen,5566032,"8,7",⬆,"2,2",⬇,"10,9",⬆,"5,2",⬆,keine Angaben,,"7,8","3,3","10,4","1,2","57,2",230,
Laer,5566036,"15,7",⬆,"0,7",⬇,"7,7",⬇,"4,7",⬆,"109,5",⬆,"7,8","3,3","10,4","1,2","57,2",274,
Lage,5766040,12,⬆,"9,2",⬆,15,⬆,"2,2",⬆,"62,3",⬆,"7,8","3,3","10,4","1,2","57,2",3211,
Langenberg,5754024,"50,9",⬆,0,⬇,"1,8",⬇,0,⬇,keine Angaben,,"7,8","3,3","10,4","1,2","57,2",715,
Langenfeld (Rhld.),5158020,"2,5",⬇,"8,7",⬆,"10,9",⬆,"1,6",⬆,"102,5",⬆,"7,8","3,3","10,4","1,2","57,2",4703,
Legden,5554036,"10,9",⬆,"4,4",⬆,"5,3",⬇,"1,3",⬆,keine Angaben,,"7,8","3,3","10,4","1,2","57,2",450,
Lemgo,5766044,"7,5",⬇,"1,7",⬇,"12,2",⬆,"1,1",⬇,60,⬆,"7,8","3,3","10,4","1,2","57,2",3498,
Lengerich,5566040,"11,4",⬆,"1,4",⬇,"9,6",⬇,0,⬇,"76,1",⬆,"7,8","3,3","10,4","1,2","57,2",2296,
Lennestadt,5966020,"7,5",⬇,"12,3",⬆,"7,7",⬇,"1,9",⬆,"91,6",⬆,"7,8","3,3","10,4","1,2","57,2",2518,
Leopoldshöhe,5766048,"3,8",⬇,"0,9",⬇,"4,1",⬇,"0,6",⬇,keine Angaben,,"7,8","3,3","10,4","1,2","57,2",1728,
Lichtenau,5774028,"2,9",⬇,"1,8",⬇,"6,8",⬇,"0,3",⬇,"23,6",⬇,"7,8","3,3","10,4","1,2","57,2",764,
Lindlar,5374020,"0,5",⬇,"11,8",⬆,"12,8",⬆,"0,7",⬇,"49,3",⬇,"7,8","3,3","10,4","1,2","57,2",2028,
Linnich,5358036,0,⬇,"0,5",⬇,"9,8",⬇,"0,8",⬇,"28,4",⬇,"7,8","3,3","10,4","1,2","57,2",388,
Lippstadt,5974028,"12,3",⬆,"3,9",⬆,"8,1",⬇,0,⬇,72,⬆,"7,8","3,3","10,4","1,2","57,2",6447,
Lohmar,5382028,"4,3",⬇,"4,2",⬆,15,⬆,"2,5",⬆,"159,7",⬆,"7,8","3,3","10,4","1,2","57,2",3170,
Löhne,5758024,12,⬆,"3,2",⬇,"5,3",⬇,1,⬇,"22,5",⬇,"7,8","3,3","10,4","1,2","57,2",4169,
Lübbecke,5770020,"4,9",⬇,"4,2",⬆,0,⬇,"5,5",⬆,"98,6",⬆,"7,8","3,3","10,4","1,2","57,2",2383,
Lüdenscheid,5962032,"0,9",⬇,"1,5",⬇,"5,1",⬇,"0,3",⬇,"19,6",⬇,"7,8","3,3","10,4","1,2","57,2",7150,
Lüdinghausen,5558024,"22,7",⬆,"3,8",⬆,"21,8",⬆,"2,3",⬆,"77,3",⬆,"7,8","3,3","10,4","1,2","57,2",1708,
Lügde,5766052,"10,5",⬆,"4,7",⬆,"10,5",⬆,0,⬇,keine Angaben,,"7,8","3,3","10,4","1,2","57,2",759,
Lünen,5978024,"11,2",⬆,0,⬇,"18,3",⬆,"2,2",⬆,keine Angaben,,"7,8","3,3","10,4","1,2","57,2",8808,
Marienheide,5374024,"3,1",⬇,"3,1",⬇,"8,4",⬇,0,⬇,"19,5",⬇,"7,8","3,3","10,4","1,2","57,2",1541,
Marienmünster,5762024,"63,6",⬆,17,⬆,"2,4",⬇,"8,5",⬆,"60,6",⬆,"7,8","3,3","10,4","1,2","57,2",165,
Marsberg,5958024,"0,1",⬇,"1,6",⬇,14,⬆,"2,3",⬆,"1,8",⬇,"7,8","3,3","10,4","1,2","57,2",1582,
Mechernich,5366028,"3,6",⬇,"7,4",⬆,"3,2",⬇,"2,6",⬆,keine Angaben,,"7,8","3,3","10,4","1,2","57,2",2616,
Medebach,5958028,"7,8",⬆,"5,3",⬆,"2,3",⬇,"4,3",⬆,"129,7",⬆,"7,8","3,3","10,4","1,2","57,2",1024,
Meerbusch,5162022,0,⬇,3,⬇,"7,3",⬇,"1,1",⬇,"54,7",⬇,"7,8","3,3","10,4","1,2","57,2",5481,
Meinerzhagen,5962036,"4,5",⬇,"11,9",⬆,"6,3",⬇,"2,9",⬆,17,⬇,"7,8","3,3","10,4","1,2","57,2",1183,
Menden (Sauerland),5962040,"1,5",⬇,"2,5",⬇,"7,9",⬇,"0,6",⬇,"37,9",⬇,"7,8","3,3","10,4","1,2","57,2",4744,
Meschede,5958032,keine Angaben,,keine Angaben,,keine Angaben,,keine Angaben,,keine Angaben,,"7,8","3,3","10,4","1,2","50,4",2636,
Metelen,5566052,"19,4",⬆,"1,5",⬇,"1,5",⬇,"4,9",⬆,"67,7",⬆,"7,8","3,3","10,4","1,2","57,2",263,
Mettingen,5566056,"1,3",⬇,"2,5",⬇,"10,1",⬇,"0,1",⬇,"71,1",⬆,"7,8","3,3","10,4","1,2","57,2",750,
Mettmann,5158024,keine Angaben,,keine Angaben,,keine Angaben,,keine Angaben,,keine Angaben,,"7,8","3,3","10,4","1,2","50,4",3451,
Moers,5170024,"1,2",⬇,"1,3",⬇,"9,3",⬇,"0,5",⬇,"64,6",⬆,"7,8","3,3","10,4","1,2","57,2",10692,
Möhnesee,5974032,0,⬇,"4,5",⬆,"13,6",⬆,"0,3",⬇,keine Angaben,⬆,"7,8","3,3","10,4","1,2","57,2",780,
Mönchengladbach,5116000,keine Angaben,,keine Angaben,,keine Angaben,,keine Angaben,,keine Angaben,,"7,8","3,3","10,4","1,2","50,4",26374,
Monheim am Rhein,5158026,"68,3",⬆,"2,1",⬇,"15,6",⬆,"4,2",⬆,"184,3",⬆,"7,8","3,3","10,4","1,2","57,2",5021,
Monschau,5334020,0,⬇,"4,3",⬆,"7,5",⬇,"0,2",⬇,"5,2",⬇,"7,8","3,3","10,4","1,2","57,2",1095,
Morsbach,5374028,0,⬇,0,⬇,"24,6",⬆,"3,6",⬆,"38,8",⬇,"7,8","3,3","10,4","1,2","57,2",696,
Much,5382036,"3,5",⬇,"1,7",⬇,"4,7",⬇,"2,1",⬆,"35,6",⬇,"7,8","3,3","10,4","1,2","57,2",1359,
Mülheim an der Ruhr,5117000,"0,3",⬇,2,⬇,"7,4",⬇,"0,1",⬇,"17,9",⬇,"7,8","3,3","10,4","1,2","57,2",17658,
Münster,5515000,3,⬇,"2,3",⬇,"7,3",⬇,"0,1",⬇,"106,9",⬆,"7,8","3,3","10,4","1,2","57,2",25201,
Nachrodt-Wiblingwerde,5962044,0,⬇,"1,2",⬇,"30,2",⬆,0,⬇,keine Angaben,,"7,8","3,3","10,4","1,2","57,2",410,
Netphen,5970032,3,⬇,"3,4",⬆,"13,5",⬆,"0,6",⬇,"20,8",⬇,"7,8","3,3","10,4","1,2","57,2",1755,
Nettetal,5166016,"6,2",⬇,"7,4",⬆,"5,4",⬇,2,⬆,keine Angaben,,"7,8","3,3","10,4","1,2","57,2",3800,
Neuenkirchen,5566060,"13,4",⬆,4,⬆,"17,2",⬆,"3,1",⬆,89,⬆,"7,8","3,3","10,4","1,2","57,2",1311,
Neunkirchen,5970036,"11,9",⬆,6,⬆,"5,6",⬇,2,⬆,"36,4",⬇,"7,8","3,3","10,4","1,2","57,2",1512,
Neunkirchen-Seelscheid,5382040,"9,6",⬆,"2,1",⬇,"5,3",⬇,"1,1",⬇,keine Angaben,,"7,8","3,3","10,4","1,2","57,2",1444,
Neuss,5162024,14,⬆,"3,2",⬇,5,⬇,"0,2",⬇,"104,9",⬆,"7,8","3,3","10,4","1,2","57,2",16092,
Nideggen,5358044,0,⬇,"0,9",⬇,"12,6",⬆,"2,1",⬆,35,⬇,"7,8","3,3","10,4","1,2","57,2",572,
Nieheim,5762028,"9,8",⬆,"10,9",⬆,"25,8",⬆,"2,4",⬆,"55,2",⬇,"7,8","3,3","10,4","1,2","57,2",625,
Nordkirchen,5558028,"11,4",⬆,"3,9",⬆,"5,1",⬇,"0,9",⬇,"23,9",⬇,"7,8","3,3","10,4","1,2","57,2",1305,
Nordwalde,5566064,5,⬇,"6,5",⬆,"3,7",⬇,"0,2",⬇,"58,3",⬆,"7,8","3,3","10,4","1,2","57,2",1133,
Nottuln,5558032,"20,1",⬆,"2,9",⬇,"15,3",⬆,"0,1",⬇,"120,2",⬆,"7,8","3,3","10,4","1,2","57,2",1156,
Nümbrecht,5374032,7,⬇,"12,4",⬆,"2,6",⬇,"0,1",⬇,"177,6",⬆,"7,8","3,3","10,4","1,2","57,2",1854,
Oberhausen,5119000,"1,3",⬇,"1,8",⬇,"6,6",⬇,"0,1",⬇,"92,9",⬆,"7,8","3,3","10,4","1,2","57,2",19808,
Ochtrup,5566068,"19,2",⬆,"6,9",⬆,10,⬇,"1,5",⬆,"121,2",⬆,"7,8","3,3","10,4","1,2","57,2",2762,
Odenthal,5378020,"13,7",⬆,"8,8",⬆,"2,6",⬇,"3,3",⬆,keine Angaben,,"7,8","3,3","10,4","1,2","57,2",1905,
Oelde,5570028,"9,8",⬆,"14,8",⬆,"2,4",⬇,0,⬇,keine Angaben,,"7,8","3,3","10,4","1,2","57,2",2868,
Oer-Erkenschwick,5562028,"3,9",⬇,"6,6",⬆,"5,4",⬇,"0,1",⬇,keine Angaben,,"7,8","3,3","10,4","1,2","57,2",2541,
Oerlinghausen,5766056,"0,7",⬇,1,⬇,"12,5",⬆,"0,6",⬇,16,⬇,"7,8","3,3","10,4","1,2","57,2",1801,
Olfen,5558036,0,⬇,"92,7",⬆,"0,6",⬇,"5,5",⬆,"194,9",⬆,"7,8","3,3","10,4","1,2","57,2",1445,
Olpe,5966024,10,⬆,"3,5",⬆,"6,5",⬇,"1,5",⬆,"48,1",⬇,"7,8","3,3","10,4","1,2","57,2",2771,
Olsberg,5958036,"2,1",⬇,"3,3",⬇,"10,3",⬇,"5,3",⬆,"142,2",⬆,"7,8","3,3","10,4","1,2","57,2",971,
Overath,5378024,2,⬇,"1,8",⬇,"9,6",⬇,"0,4",⬇,12,⬇,"7,8","3,3","10,4","1,2","57,2",2501,
Paderborn,5774032,"11,3",⬆,"1,5",⬇,"2,4",⬇,7,⬆,"135,5",⬆,"7,8","3,3","10,4","1,2","57,2",16462,
Porta Westfalica,5770032,"0,5",⬇,"5,6",⬆,"8,3",⬇,0,⬇,"22,9",⬇,"7,8","3,3","10,4","1,2","57,2",3464,
Preußisch Oldendorf,5770036,"11,7",⬆,"2,2",⬇,"17,5",⬆,"3,1",⬆,"137,1",⬆,"7,8","3,3","10,4","1,2","57,2",852,
Radevormwald,5374036,"3,2",⬇,6,⬆,"22,4",⬆,"2,9",⬆,101,⬆,"7,8","3,3","10,4","1,2","57,2",1993,
Raesfeld,5554040,0,⬇,"8,3",⬆,"20,1",⬆,"2,2",⬆,"31,8",⬇,"7,8","3,3","10,4","1,2","57,2",770,
Rahden,5770040,"2,6",⬇,"4,5",⬆,"15,7",⬆,"1,3",⬆,"27,6",⬇,"7,8","3,3","10,4","1,2","57,2",2098,
Ratingen,5158028,"33,9",⬆,"1,9",⬇,"11,4",⬆,"0,2",⬇,"56,7",⬇,"7,8","3,3","10,4","1,2","57,2",7651,
Recklinghausen,5562032,2,⬇,5,⬆,"12,7",⬆,"0,8",⬇,"46,6",⬇,"7,8","3,3","10,4","1,2","57,2",12156,
Rees,5154044,"4,7",⬇,2,⬇,"9,1",⬇,"0,6",⬇,"118,1",⬆,"7,8","3,3","10,4","1,2","57,2",2457,
Reichshof,5374040,"5,6",⬇,0,⬇,"12,4",⬆,"2,4",⬆,"95,7",⬆,"7,8","3,3","10,4","1,2","57,2",1777,
Remscheid,5120000,4,⬇,"8,7",⬆,"10,4",⬆,"2,7",⬆,"51,6",⬇,"7,8","3,3","10,4","1,2","57,2",12286,
Rhede,5554048,"3,1",⬇,"10,6",⬆,"6,2",⬇,"2,1",⬆,"79,6",⬆,"7,8","3,3","10,4","1,2","57,2",1473,
Rheinbach,5382048,"10,5",⬆,"7,7",⬆,"11,3",⬆,"0,8",⬇,"71,9",⬆,"7,8","3,3","10,4","1,2","57,2",2794,
Rheinberg,5170032,"4,3",⬇,14,⬆,"4,7",⬇,"0,4",⬇,"90,7",⬆,"7,8","3,3","10,4","1,2","57,2",2976,
Rheine,5566076,"8,9",⬆,"1,6",⬇,"9,2",⬇,2,⬆,"82,3",⬆,"7,8","3,3","10,4","1,2","57,2",8136,
Rheurdt,5154048,"14,8",⬆,"4,9",⬆,"16,7",⬆,"2,5",⬆,keine Angaben,,"7,8","3,3","10,4","1,2","57,2",203,
Rödinghausen,5758028,74,⬆,"0,7",⬇,"8,3",⬇,"1,7",⬆,"193,4",⬆,"7,8","3,3","10,4","1,2","57,2",1210,
Rommerskirchen,5162028,"27,4",⬆,0,⬇,"21,1",⬆,"4,4",⬆,keine Angaben,,"7,8","3,3","10,4","1,2","57,2",475,
Rosendahl,5558040,"5,5",⬇,"5,5",⬆,"14,2",⬆,"2,5",⬆,"67,8",⬆,"7,8","3,3","10,4","1,2","57,2",811,
Ruppichteroth,5382052,"9,9",⬆,"10,8",⬆,"5,3",⬇,"0,3",⬇,"55,6",⬇,"7,8","3,3","10,4","1,2","57,2",619,
Rüthen,5974036,"14,8",⬆,"0,5",⬇,"10,2",⬇,"0,1",⬇,"60,1",⬆,"7,8","3,3","10,4","1,2","57,2",1082,
Saerbeck,5566080,"11,2",⬆,"0,3",⬇,"6,5",⬇,"0,5",⬇,"26,9",⬇,"7,8","3,3","10,4","1,2","57,2",1227,
Salzkotten,5774036,"11,5",⬆,"1,5",⬇,"11,8",⬆,3,⬆,"49,2",⬇,"7,8","3,3","10,4","1,2","57,2",1992,
Sankt Augustin,5382056,4,⬇,0,⬇,0,⬇,"0,5",⬇,"24,1",⬇,"7,8","3,3","10,4","1,2","57,2",5654,
Sassenberg,5570036,"2,3",⬇,"4,1",⬆,18,⬆,"0,1",⬇,"6,1",⬇,"7,8","3,3","10,4","1,2","57,2",1129,
Schermbeck,5170036,0,⬇,"0,5",⬇,"9,2",⬇,"0,4",⬇,"67,4",⬆,"7,8","3,3","10,4","1,2","57,2",1526,
Schieder-Schwalenberg,5766060,"9,9",⬆,"0,7",⬇,"10,6",⬆,"1,8",⬆,"42,6",⬇,"7,8","3,3","10,4","1,2","57,2",282,
Schlangen,5766064,"41,1",⬆,1,⬇,"16,2",⬆,0,⬇,"22,3",⬇,"7,8","3,3","10,4","1,2","57,2",421,
Schloß Holte-Stukenbrock,5754036,"5,4",⬇,"10,8",⬆,0,⬇,0,⬇,keine Angaben,,"7,8","3,3","10,4","1,2","57,2",2775,
Schmallenberg,5958040,"4,7",⬇,"1,8",⬇,"13,3",⬆,"0,7",⬇,"56,1",⬇,"7,8","3,3","10,4","1,2","57,2",2211,
Schwalmtal,5166024,"0,6",⬇,"1,2",⬇,"7,9",⬇,"1,1",⬇,keine Angaben,,"7,8","3,3","10,4","1,2","57,2",2679,
Schwelm,5954024,"10,3",⬆,"0,6",⬇,"11,6",⬆,"0,6",⬇,20,⬇,"7,8","3,3","10,4","1,2","57,2",2496,
Schwerte,5978028,"2,5",⬇,"3,4",⬆,"13,2",⬆,"0,5",⬇,"33,7",⬇,"7,8","3,3","10,4","1,2","57,2",4655,
Selm,5978032,"15,6",⬆,"3,6",⬆,"6,6",⬇,"0,3",⬇,"23,5",⬇,"7,8","3,3","10,4","1,2","57,2",2175,
Senden,5558044,"9,8",⬆,"0,3",⬇,"11,6",⬆,"1,4",⬆,"32,8",⬇,"7,8","3,3","10,4","1,2","57,2",2069,
Sendenhorst,5570040,"4,5",⬇,"0,8",⬇,10,⬇,"0,9",⬇,"9,2",⬇,"7,8","3,3","10,4","1,2","57,2",531,
Siegen,5970040,"1,2",⬇,"2,4",⬇,"6,4",⬇,"0,1",⬇,"11,6",⬇,"7,8","3,3","10,4","1,2","57,2",10067,
Simmerath,5334028,"0,2",⬇,"7,8",⬆,10,⬇,0,⬇,"5,7",⬇,"7,8","3,3","10,4","1,2","57,2",1280,
Soest,5974040,"16,5",⬆,"2,1",⬇,"9,9",⬇,"0,6",⬇,"32,8",⬇,"7,8","3,3","10,4","1,2","57,2",6035,
Solingen,5122000,"5,8",⬇,"5,7",⬆,"13,4",⬆,"0,8",⬇,"36,8",⬇,"7,8","3,3","10,4","1,2","57,2",8236,
Sonsbeck,5170040,"0,7",⬇,"4,3",⬆,"9,9",⬇,0,⬇,keine Angaben,,"7,8","3,3","10,4","1,2","57,2",282,
Stadtlohn,5554056,"12,4",⬆,"5,9",⬆,"12,7",⬆,"0,6",⬇,"87,1",⬆,"7,8","3,3","10,4","1,2","57,2",2575,
Steinfurt,5566084,5,⬇,4,⬆,"4,9",⬇,"0,9",⬇,"44,1",⬇,"7,8","3,3","10,4","1,2","57,2",4086,
Stemwede,5770044,"33,7",⬆,"5,4",⬆,0,⬇,0,⬇,"33,7",⬇,"7,8","3,3","10,4","1,2","57,2",1040,
Straelen,5154052,"6,7",⬇,"1,2",⬇,"8,1",⬇,"2,3",⬆,"58,6",⬆,"7,8","3,3","10,4","1,2","57,2",1793,
Südlohn,5554060,0,⬇,"5,6",⬆,"6,7",⬇,"0,6",⬇,7,⬇,"7,8","3,3","10,4","1,2","57,2",356,
Sundern (Sauerland),5958044,"4,4",⬇,"3,4",⬆,"16,3",⬆,"2,6",⬆,"22,9",⬇,"7,8","3,3","10,4","1,2","57,2",2489,
Swisttal,5382064,"1,7",⬇,"4,3",⬆,"18,1",⬆,"2,9",⬆,"17,3",⬇,"7,8","3,3","10,4","1,2","57,2",1159,
Tecklenburg,5566088,0,⬇,0,⬇,0,⬇,0,⬇,"29,9",⬇,"7,8","3,3","10,4","1,2","57,2",1383,
Titz,5358056,0,⬇,"1,3",⬇,"10,6",⬆,"0,5",⬇,keine Angaben,,"7,8","3,3","10,4","1,2","57,2",398,
Tönisvorst,5166028,"3,5",⬇,"4,8",⬆,"5,1",⬇,"1,3",⬆,"18,4",⬇,"7,8","3,3","10,4","1,2","57,2",2764,
Troisdorf,5382068,"6,9",⬇,"8,9",⬆,"13,4",⬆,"0,9",⬇,"44,9",⬇,"7,8","3,3","10,4","1,2","57,2",7660,
Uedem,5154056,0,⬇,"3,7",⬆,"1,9",⬇,"5,6",⬆,"3,1",⬇,"7,8","3,3","10,4","1,2","57,2",269,
Unna,5978036,1,⬇,"12,9",⬆,"2,4",⬇,"1,5",⬆,"22,8",⬇,"7,8","3,3","10,4","1,2","57,2",6254,
Velbert,5158032,"1,5",⬇,"1,5",⬇,10,⬇,0,⬇,keine Angaben,,"7,8","3,3","10,4","1,2","57,2",7376,
Velen,5554064,"9,2",⬆,"1,7",⬇,"16,1",⬆,"7,2",⬆,"210,2",⬆,"7,8","3,3","10,4","1,2","57,2",704,
Vettweiß,5358060,"16,4",⬆,"10,9",⬆,"1,8",⬇,"2,3",⬆,"205,2",⬆,"7,8","3,3","10,4","1,2","57,2",341,
Viersen,5166032,"1,7",⬇,"4,5",⬆,"11,7",⬆,"0,2",⬇,"16,8",⬇,"7,8","3,3","10,4","1,2","57,2",6597,
Vlotho,5758036,"92,7",⬆,"7,7",⬆,"9,9",⬇,"0,6",⬇,"72,6",⬆,"7,8","3,3","10,4","1,2","57,2",1722,
Voerde (Niederrhein),5170044,"2,1",⬇,"4,5",⬆,"8,2",⬇,"2,6",⬆,"26,6",⬇,"7,8","3,3","10,4","1,2","57,2",2575,
Vreden,5554068,"13,9",⬆,"3,3",⬆,"12,4",⬆,"0,6",⬇,"78,1",⬆,"7,8","3,3","10,4","1,2","57,2",2622,
Wachtberg,5382072,0,⬇,0,⬇,0,⬇,0,⬇,"149,1",⬆,"7,8","3,3","10,4","1,2","57,2",1140,
Wachtendonk,5154060,0,⬇,15,⬆,"5,7",⬇,"3,9",⬆,"7,7",⬇,"7,8","3,3","10,4","1,2","57,2",280,
Wadersloh,5570048,0,⬇,"2,9",⬇,"18,4",⬆,4,⬆,"25,5",⬇,"7,8","3,3","10,4","1,2","57,2",979,
Waldbröl,5374044,"0,8",⬇,"4,7",⬆,"16,1",⬆,0,⬇,"13,7",⬇,"7,8","3,3","10,4","1,2","57,2",2882,
Waldfeucht,5370032,"2,9",⬇,"12,3",⬆,"13,3",⬆,"3,9",⬆,"170,9",⬆,"7,8","3,3","10,4","1,2","57,2",585,
Waltrop,5562036,"2,3",⬇,2,⬇,"13,7",⬆,"0,6",⬇,"33,2",⬇,"7,8","3,3","10,4","1,2","57,2",3530,
Warburg,5762036,"15,8",⬆,"4,9",⬆,"10,1",⬇,"2,1",⬆,"66,8",⬆,"7,8","3,3","10,4","1,2","57,2",2577,
Warendorf,5570052,"6,2",⬇,"5,4",⬆,"10,1",⬇,"0,5",⬇,"3,3",⬇,"7,8","3,3","10,4","1,2","57,2",4348,
Warstein,5974044,11,⬆,"3,1",⬇,"7,8",⬇,"1,2",⬇,"69,4",⬆,"7,8","3,3","10,4","1,2","57,2",2082,
Weeze,5154064,0,⬇,"4,7",⬆,"11,2",⬆,"4,5",⬆,"12,3",⬇,"7,8","3,3","10,4","1,2","57,2",401,
Wegberg,5370040,"3,6",⬇,"3,7",⬆,"8,6",⬇,"0,4",⬇,"57,8",⬆,"7,8","3,3","10,4","1,2","57,2",2227,
Weilerswist,5366040,0,⬇,"12,2",⬆,"0,8",⬇,2,⬆,"93,1",⬆,"7,8","3,3","10,4","1,2","57,2",1882,
Wenden,5966028,"9,5",⬆,"4,1",⬆,"8,8",⬇,"0,5",⬇,"40,5",⬇,"7,8","3,3","10,4","1,2","57,2",1540,
Werdohl,5962060,"9,6",⬆,6,⬆,8,⬇,"0,1",⬇,"218,3",⬆,"7,8","3,3","10,4","1,2","57,2",1764,
Werl,5974052,"6,8",⬇,"2,7",⬇,"15,4",⬆,"2,2",⬆,keine Angaben,,"7,8","3,3","10,4","1,2","57,2",2766,
Wermelskirchen,5378032,"13,8",⬆,"6,4",⬆,"17,9",⬆,"3,6",⬆,"81,8",⬆,"7,8","3,3","10,4","1,2","57,2",2970,
Werne,5978040,"25,8",⬆,"1,1",⬇,"11,7",⬆,"2,9",⬆,"36,1",⬇,"7,8","3,3","10,4","1,2","57,2",2453,
Werther (Westf.),5754052,"9,6",⬆,"0,5",⬇,"8,2",⬇,"2,2",⬆,"137,8",⬆,"7,8","3,3","10,4","1,2","57,2",365,
Wesel,5170048,"4,4",⬇,"2,8",⬇,"5,1",⬇,"1,4",⬆,"75,5",⬆,"7,8","3,3","10,4","1,2","57,2",6238,
Wesseling,5362040,"0,4",⬇,"3,3",⬆,14,⬆,"2,2",⬆,17,⬇,"7,8","3,3","10,4","1,2","57,2",2740,
Wickede (Ruhr),5974056,"13,4",⬆,"6,2",⬆,"12,9",⬆,"0,3",⬇,"106,7",⬆,"7,8","3,3","10,4","1,2","57,2",778,
Wiehl,5374048,0,⬇,"2,4",⬇,0,⬇,"1,5",⬆,"40,9",⬇,"7,8","3,3","10,4","1,2","57,2",2546,
Willebadessen,5762040,"5,3",⬇,28,⬆,"6,7",⬇,8,⬆,"126,8",⬆,"7,8","3,3","10,4","1,2","57,2",749,
Willich,5166036,"13,4",⬆,"4,9",⬆,"6,7",⬇,"0,5",⬇,"40,4",⬇,"7,8","3,3","10,4","1,2","57,2",4451,
Wilnsdorf,5970044,"0,8",⬇,"3,1",⬇,"9,8",⬇,"6,1",⬆,"64,8",⬆,"7,8","3,3","10,4","1,2","57,2",1886,
Windeck,5382076,"3,8",⬇,"1,1",⬇,"10,8",⬆,"1,5",⬆,keine Angaben,,"7,8","3,3","10,4","1,2","57,2",1314,
Winterberg,5958048,0,⬇,"5,5",⬆,"6,9",⬇,"3,1",⬆,keine Angaben,,"7,8","3,3","10,4","1,2","57,2",1457,
Wipperfürth,5374052,"4,6",⬇,"3,7",⬆,"19,3",⬆,"4,9",⬆,154,⬆,"7,8","3,3","10,4","1,2","57,2",2176,
Witten,5954036,"4,6",⬇,"0,7",⬇,"16,2",⬆,"0,4",⬇,"51,6",⬇,"7,8","3,3","10,4","1,2","57,2",9211,
Wülfrath,5158036,"4,2",⬇,"3,9",⬆,"7,4",⬇,"0,4",⬇,keine Angaben,,"7,8","3,3","10,4","1,2","57,2",1827,
Wuppertal,5124000,"6,5",⬇,6,⬆,"11,7",⬆,"0,2",⬇,"17,7",⬇,"7,8","3,3","10,4","1,2","57,2",35266,
Würselen,5334036,"12,7",⬆,"26,5",⬆,"4,4",⬇,"1,3",⬆,"271,8",⬆,"7,8","3,3","10,4","1,2","57,2",2713,
Xanten,5170052,2,⬇,"2,4",⬇,"8,1",⬇,"0,1",⬇,keine Angaben,,"7,8","3,3","10,4","1,2","57,2",1516,
